{
  "metadata": {
    "analysis_time": "2025-09-23T02:41:42.828204",
    "spacy_model": "en_core_web_sm",
    "cpu_optimized": true
  },
  "processing_times": {
    "document_processing": 285.1082480046898,
    "raw_entity_extraction": 20.106883021071553,
    "entity_normalization": 1.314066001214087,
    "semantic_rule_extraction": 31.963300076313317,
    "relationship_extraction": 593.8463930506259,
    "linguistic_analysis": 77.63634400907904
  },
  "total_processing_time": 1009.9752341629937,
  "time_breakdown": {
    "document_processing": {
      "time_ms": 285.1082480046898,
      "percentage": 28.229231604968042
    },
    "raw_entity_extraction": {
      "time_ms": 20.106883021071553,
      "percentage": 1.9908293135261794
    },
    "entity_normalization": {
      "time_ms": 1.314066001214087,
      "percentage": 0.13010873502290432
    },
    "semantic_rule_extraction": {
      "time_ms": 31.963300076313317,
      "percentage": 3.16476077780289
    },
    "relationship_extraction": {
      "time_ms": 593.8463930506259,
      "percentage": 58.79811434611759
    },
    "linguistic_analysis": {
      "time_ms": 77.63634400907904,
      "percentage": 7.686955222562395
    }
  },
  "performance_summary": {
    "fastest_component": [
      "entity_normalization",
      1.314066001214087
    ],
    "slowest_component": [
      "relationship_extraction",
      593.8463930506259
    ],
    "average_component_time": 168.32920569383228
  }
}